Month,Hour,Sunlit_Count,Total_Count,Percentage
1,3,0,365133,0.00
1,4,0,365133,0.00
1,5,0,365133,0.00
1,6,0,365133,0.00
1,7,0,365133,0.00
1,8,78330,365133,21.45
1,9,108057,365133,29.59
1,10,124051,365133,33.97
1,11,136953,365133,37.51
1,12,151204,365133,41.41
1,13,170857,365133,46.79
1,14,196583,365133,53.84
1,15,107785,365133,29.52
1,16,56359,365133,15.44
1,17,0,365133,0.00
1,18,0,365133,0.00
1,19,0,365133,0.00
1,20,0,365133,0.00
1,21,0,365133,0.00
2,3,0,365133,0.00
2,4,0,365133,0.00
2,5,0,365133,0.00
2,6,0,365133,0.00
2,7,0,365133,0.00
2,8,178769,365133,48.96
2,9,139979,365133,38.34
2,10,147423,365133,40.38
2,11,156071,365133,42.74
2,12,170980,365133,46.83
2,13,193260,365133,52.93
2,14,215732,365133,59.08
2,15,140696,365133,38.53
2,16,91431,365133,25.04
2,17,0,365133,0.00
2,18,0,365133,0.00
2,19,0,365133,0.00
2,20,0,365133,0.00
2,21,0,365133,0.00
3,3,0,365133,0.00
3,4,0,365133,0.00
3,5,0,365133,0.00
3,6,0,365133,0.00
3,7,0,365133,0.00
3,8,190513,365133,52.18
3,9,221826,365133,60.75
3,10,189224,365133,51.82
3,11,187509,365133,51.35
3,12,201752,365133,55.25
3,13,227587,365133,62.33
3,14,224762,365133,61.56
3,15,160541,365133,43.97
3,16,118410,365133,32.43
3,17,75212,365133,20.60
3,18,0,365133,0.00
3,19,0,365133,0.00
3,20,0,365133,0.00
3,21,0,365133,0.00
4,3,0,365133,0.00
4,4,0,365133,0.00
4,5,0,365133,0.00
4,6,0,365133,0.00
4,7,117888,365133,32.29
4,8,187555,365133,51.37
4,9,289491,365133,79.28
4,10,255439,365133,69.96
4,11,238683,365133,65.37
4,12,247718,365133,67.84
4,13,262567,365133,71.91
4,14,228664,365133,62.62
4,15,178099,365133,48.78
4,16,144173,365133,39.49
4,17,108641,365133,29.75
4,18,0,365133,0.00
4,19,0,365133,0.00
4,20,0,365133,0.00
4,21,0,365133,0.00
5,3,0,365133,0.00
5,4,0,365133,0.00
5,5,0,365133,0.00
5,6,98078,365133,26.86
5,7,143554,365133,39.32
5,8,195944,365133,53.66
5,9,288885,365133,79.12
5,10,309436,365133,84.75
5,11,289257,365133,79.22
5,12,293135,365133,80.28
5,13,285673,365133,78.24
5,14,240289,365133,65.81
5,15,197988,365133,54.22
5,16,167366,365133,45.84
5,17,134977,365133,36.97
5,18,90009,365133,24.65
5,19,0,365133,0.00
5,20,0,365133,0.00
5,21,0,365133,0.00
6,3,0,365133,0.00
6,4,0,365133,0.00
6,5,0,365133,0.00
6,6,111215,365133,30.46
6,7,152529,365133,41.77
6,8,195976,365133,53.67
6,9,269749,365133,73.88
6,10,323423,365133,88.58
6,11,324100,365133,88.76
6,12,321020,365133,87.92
6,13,304678,365133,83.44
6,14,258002,365133,70.66
6,15,219002,365133,59.98
6,16,190469,365133,52.16
6,17,160534,365133,43.97
6,18,126326,365133,34.60
6,19,0,365133,0.00
6,20,0,365133,0.00
6,21,0,365133,0.00
7,3,0,365133,0.00
7,4,0,365133,0.00
7,5,0,365133,0.00
7,6,108416,365133,29.69
7,7,149767,365133,41.02
7,8,191012,365133,52.31
7,9,259613,365133,71.10
7,10,322344,365133,88.28
7,11,329276,365133,90.18
7,12,325108,365133,89.04
7,13,310079,365133,84.92
7,14,265537,365133,72.72
7,15,225417,365133,61.74
7,16,196358,365133,53.78
7,17,167678,365133,45.92
7,18,135206,365133,37.03
7,19,8450,365133,2.31
7,20,0,365133,0.00
7,21,0,365133,0.00
8,3,0,365133,0.00
8,4,0,365133,0.00
8,5,0,365133,0.00
8,6,95828,365133,26.24
8,7,141073,365133,38.64
8,8,186781,365133,51.15
8,9,266016,365133,72.85
8,10,315601,365133,86.43
8,11,304213,365133,83.32
8,12,304040,365133,83.27
8,13,296128,365133,81.10
8,14,254609,365133,69.73
8,15,210705,365133,57.71
8,16,179881,365133,49.26
8,17,148446,365133,40.66
8,18,107514,365133,29.45
8,19,0,365133,0.00
8,20,0,365133,0.00
8,21,0,365133,0.00
9,3,0,365133,0.00
9,4,0,365133,0.00
9,5,0,365133,0.00
9,6,74849,365133,20.50
9,7,128962,365133,35.32
9,8,193063,365133,52.87
9,9,293044,365133,80.26
9,10,273650,365133,74.95
9,11,254636,365133,69.74
9,12,262349,365133,71.85
9,13,269424,365133,73.79
9,14,229542,365133,62.87
9,15,182324,365133,49.93
9,16,149900,365133,41.05
9,17,115118,365133,31.53
9,18,0,365133,0.00
9,19,0,365133,0.00
9,20,0,365133,0.00
9,21,0,365133,0.00
10,3,0,365133,0.00
10,4,0,365133,0.00
10,5,0,365133,0.00
10,6,0,365133,0.00
10,7,112806,365133,30.89
10,8,253009,365133,69.29
10,9,235541,365133,64.51
10,10,204650,365133,56.05
10,11,205602,365133,56.31
10,12,223487,365133,61.21
10,13,244221,365133,66.89
10,14,203016,365133,55.60
10,15,150621,365133,41.25
10,16,114193,365133,31.27
10,17,70387,365133,19.28
10,18,0,365133,0.00
10,19,0,365133,0.00
10,20,0,365133,0.00
10,21,0,365133,0.00
11,3,0,365133,0.00
11,4,0,365133,0.00
11,5,0,365133,0.00
11,6,0,365133,0.00
11,7,98712,365133,27.03
11,8,173303,365133,47.46
11,9,155278,365133,42.53
11,10,159696,365133,43.74
11,11,169508,365133,46.42
11,12,190192,365133,52.09
11,13,218810,365133,59.93
11,14,184013,365133,50.40
11,15,119480,365133,32.72
11,16,76017,365133,20.82
11,17,0,365133,0.00
11,18,0,365133,0.00
11,19,0,365133,0.00
11,20,0,365133,0.00
11,21,0,365133,0.00
12,3,0,365133,0.00
12,4,0,365133,0.00
12,5,0,365133,0.00
12,6,0,365133,0.00
12,7,0,365133,0.00
12,8,100229,365133,27.45
12,9,121932,365133,33.39
12,10,135108,365133,37.00
12,11,147043,365133,40.27
12,12,163568,365133,44.80
12,13,183907,365133,50.37
12,14,187070,365133,51.23
12,15,103296,365133,28.29
12,16,0,365133,0.00
12,17,0,365133,0.00
12,18,0,365133,0.00
12,19,0,365133,0.00
12,20,0,365133,0.00
12,21,0,365133,0.00
